Codigo;FONTENLA
AL-CM-SOL-B/FR;10
AL-CM-SOL-C/OWF;3
AL-CO-DOB-BFTFX;21
AL-CO-DOB-COWFX;12
AL-CO-DOB-F/TFX;13
AL-CO-DOB-FOWFX;3
AL-CO-DUE-FR/OW;0
AL-ML-SOL-BLFFX;28
AL-ML-SOL-COWFX;36
AL-ROP-DCA-F/OW;0
AL-ROP-DCA-F/TI;7
AL-ROP-SOL-BL-F;2
AL-ROP-SOL-OWFX;13
AL-ZA-DOR-BLANC;12
AL-ZA-DOR-C/OFW;20
AL-ZA-DUE-CM/OW;16
CI-AP-LOT-22-MC;15
CI-BA-BE-32-ML;31
CI-BA-BE-47-MK;19
CI-CA-AM-32-ML;60
CI-CA-AM-32-MLC;70
CI-CA-PE-32-ML;54
CI-CA-PE-47-MK;44
CI-CA-TA-47-MK;58
CI-CA-TA-82-MT;70
CO-AP-SE-OWM/F;25
CO-CRIS-GUANOWF;15
CO-CRIS-GUANPNM;17
CO-CRIS-JUROWMF;10
CO-CRIS-NOROWMF;10
CO-CRIS-SE-WM/F;27
CO-MO-CAMPECFCF;4
CO-MO-CAMPECFOW;14
CO-MO-CANCUNAME;10
CO-MO-CANCUNFOW;11
CO-MO-HUMAITFCF;2
CO-MO-HUMAITWMF;22
CO-MO-JORDAOFRE;2
CO-MO-JORDAOOWF;1
CO-MO-JUR150AWM;0
CO-MO-JUR150WMF;16
CO-MO-JUR180AWM;3
CO-MO-JUR180WMF;16
CO-MO-MACEIOFCF;7
CO-MO-MACEIOFOW;14
CO-MO-VALENCWMF;15
CO-MOSUS-EUGFWM;6
CO-MOSUS-LOAWMF;3
CO-MOSUSJUR18AW;10
CO-MOSUSJUR18NP;5
CO-PAN-1956NIFW;9
CO-PAN-2500NIFW;9
CO-RACK-AMA-NOW;41
CO-RACK-AMA-OWF;40
CO-RACK-AMANMPF;26
CO-RACK-BRAZ-FR;16
CO-RACK-BRAZ-OF;13
CO-RACK-COPADPF;6
CO-RACK-FORTFRE;19
CO-RACK-FORTOWM;0
CO-RACK-JU15FWM;9
CO-RACK-JU18FWM;13
CO-RACK-JUROWMF;7
CO-RACK-LO-F/OW;7
CO-RACK-LO-NO/P;11
CO-RACK-MAG-NAT;27
CO-RACK-MAG-OWF;31
CO-RACK-MANAUSF;1
CO-RACK-MAR-NPF;11
CO-RACK-NOR18FJ;5
CO-RACK-NOR18PN;0
CO-RACK-NOR18WF;15
CO-RACK-NOROWMF;16
CO-RACK-OTAFREJ;39
CO-RACK-OTAOWMF;29
CO-RACK-PURUPFF;19
CO-RACK-PURUSWF;23
CO-RACK-SAN20WF;15
CO-RACK-SE-OW-F;25
CO-RACK-SPACEBF;24
CO-RACK-SPACEPF;23
CO-RACK-VENEFOW;12
CO-RACK-VENEOWM;21
CO-RACK-VITFROW;9
CO-RACK-VITNMPF;7
CO-RAT-NOR-FOWF;11
CO-RATO-JERIFOW;26
CO-REC-RIVIEROW;1
DJ-AP-LI-69-OWD;12
DJ-AP-PI-33-OWW;9
DJ-AP-VS-74-OWO;12
DJ-BA-AR-74-OWO;5
DJ-BA-AT-69-WHD;10
DJ-BA-CE-74-OWO;19
DJ-BU-CLE-74-OW;12
DJ-BU-LIA-69-WD;5
DJ-CAD-IS-24-IL;46
DJ-CAD-LI-24-DL;80
DJ-CAD-LI-33-DB;96
DJ-CAD-ON-24-FL;30
DJ-CAD-ON-31-FB;0
DJ-CAD-VIT-23-T;36
DJ-CAD-VIT-23TB;64
DJ-CRI-LI-69-WD;11
DJ-ME-CE-22-FOW;8
DJ-ME-CE-222-FO;10
DJ-ME-CE-29-FF;5
DJ-ME-CH-69-OWD;28
DJ-ME-LI-174-DO;5
DJ-ME-LI-174-OW;12
DJ-ME-LI-74-OWW;2
DJ-ME-RY22-FR/O;11
DJ-ME-RY29-FR/F;31
DJ-ME-TO22-FR/O;18
DJ-ME-TO922FR/O;11
DJ-ME-ZA-22-FOW;44
DJ-MEC-CE-27-OW;17
DJ-MEC-PE-29-FF;22
DJ-MEC-PE-53-CC;26
DJ-MEC-PE-74-CC;34
DJ-MEC-PE-74-FF;32
DJ-MEC-PE-74-OO;36
DJ-MEC-PE-74-OW;20
DJ-MEC-PI-33-OW;1
DJ-PA-CE-74-OW;5
HE-ME-0702CAN;11
HE-ME-0702OW;9
HE-ME-072CBL;16
HE-ME-117OL128N;30
HE-ME-122OLCIN;4
HE-ME-132LIES16;59
HE-ME-136AD200N;47
HE-ME-136AD200W;28
HE-ME-155LI120N;26
HE-ME-210OR12NW;221
HE-ME-229NATUR;16
HE-ME-66NOW;0
HE-ME-68NA/OW;1
HE-ME-82AD180IN;33
HE-ME-84NAOW;0
HE-ME-89LI120NW;57
HE-ME-92LI160NW;57
HE-RA-352EIFFWN;2
HE-RA-359OWNAT;16
HE-RO-110MARGBL;13
HE-RO-110MARGRW;21
HE-RO-133ACAIBL;14
HE-RO-133ACAINW;22
HE-RO-135CAJ4BC;11
HE-RO-135CAJ4JB;24
HE-RO-135CAJ4NW;14
HE-RO-136CAJ6JB;13
HE-RO-136CAJ6NW;1
HE-RO-325NORNAT;8
HE-RO-325NORNAW;8
HE-RO-353CICIOW;0
HE-RO-353JBJNFX;21
HE-RO-353NOWGFX;0
HE-RO-373NAOFAV;0
HE-RO-373NOWNFX;0
HE-RO-B375NAOFW;0
HE-RO-BE12JEQBR;11
HE-RO-BE25BLANC;21
HE-RO-BE25CICOW;4
HE-SI-034ELOANC;138
HE-SI-11ISAN/BE;8
HE-SI-11ISAN/LI;129
HE-SI-32NINNACR;0
HE-SI-32NINNALI;0
HE-SI-33ANNCACR;116
HE-SI-34ELONA/M;2
HE-SI-34ELONALI;14
HE-SI-35MILA.NL;386
HE-SI-40ELEN.NC;148
HE-SI-40ELEN.NL;228
HE-SI-42MIPLNCC;453
HE-SI-43/PL/NAC;128
HE-SI-PI-S41NAC;44
HEL-PO-CO-BE;0
HEL-SI-ACO03GRA;1
HEL-SI-COR02CAR;1
HEL-SI-COR02NEG;1
HEL-SI-COR03CAR;2
HEL-SI-IMP07BE;12
HEL-SI-IMP08CI;6
HEL-SI-MER02BEG;0
HEL-SI-MON07BE;0
HEL-SI-MON84GR;0
HEL-SO-OAS05G;0
MAT-PO-KIN-BE;2
MAT-PO-KIN-GR;0
MAT-PO-MAG-BE;24
MAT-SOCA-BE;31
MAT-SOCA-DU;32
MG-ESP-GOT-CAPP;35
MG-ESP-GOT-CIME;43
MG-ESP-GOT-FREI;40
MG-ESP-GOT-TITA;38
MG-ESP-LUA-CAPP;28
MG-ESP-LUA-FREI;34
MG-ESP-LUA-TITA;26
MG-PAN-RIP60FRE;84
MG-PAN-RIP80FRE;86
MG-VAN-ARU60T/F;9
MG-VAN-ARU80C/F;9
MG-VAN-BIA55BCO;39
MG-VAN-BIA55C/W;25
MG-VAN-BUZ60C/F;24
MG-VAN-BUZ60T/F;18
MG-VAN-CAR60BCO;45
MG-VAN-CAR60FRE;44
MG-VAN-CAR80BCO;60
MG-VAN-CAR80FRE;54
MG-VAN-HAV60CIM;3
MG-VAN-HAV60TIT;13
MG-VAN-HAV80TIT;20
MG-VAN-IRI44A/B;4
MG-VAN-IRI44BCO;16
MG-VAN-IRI44C/W;14
MG-VAN-ISA55A/W;32
MG-VAN-ISA55BCO;24
MG-VAN-ISA55C/W;12
MG-VAN-ITA80C/F;29
MG-VAN-ITA80T/F;27
MG-VAN-PAN60T/F;0
MG-VAN-PAN80T/F;6
SO-MO-DIA1157;20
SO-RA-AUR188C/M;66
SO-RA-AUR188FCM;51
SO-RA-AUR188PMC;20
SO-RA-BRAS795;34
SO-RA-DOU791;31
SO-SI-2840CLA27;19
SO-SI-2840CLA31;12
SO-SI-3010EM039;10
SO-SI-3010EM040;7
SO-SI-3016EM039;34
SO-SI-3016EM040;14
SO-SI-3018EM039;0
SO-SI-3018EM040;3
SO-SI-3257DA040;0
SO-SI-3498NA040;5
SO-SI-3498NA204;2
SO-SI-3569ELL27;15
SO-SI-3569ELL31;19
SO-SI-3650SE027;21
SO-SI-3650SE031;0
SO-SI-3667MU039;1
SO-SI-3667MU040;35
SO-SI-3667MU204;38
SO-SI-3698MI039;7
SO-SI-3698MI040;3
SO-SI-3708BO039;5
SO-SI-3708BO040;2
SO-SI-4003AL027;5
SO-SI-4003AL031;8
SO-SI3257DA039;0
TE-AC-AL-3PV.BG;3
TE-AC-AL-LI3P.B;6
TE-AC-AL-LI4P.B;1
TE-AC-AL-LI4PBG;1
TE-AC-AL-LI6P.B;0
TE-AC-BM-LI3P.B;7
TE-AC-BM-LI3PBG;5
TE-AC-DB-LIDB8B;4
TE-AL-CA1PA80GF;2
TE-AL-CA2PL12GF;11
TE-AL-CA2PV12GF;0
TE-AL-LUM120MGR;0
TE-AL-MA1PA80FB;1
TE-AL-MA1PL12FF;32
TE-ALA-T3PVBLGR;0
TE-B-MAST2P12FB;1
TE-B-MAST2P12FG;5
TE-BM-AGAT2CB/G;1
TE-BM-AGAT2CBCO;2
TE-BM-CA3P.12GF;1
TE-BM-DINEW1CTB;1
TE-BM-ESMT3PVBC;1
TE-COMPL-TIRLED;99
TE-DE-MAM4P70FG;1
TE-DES-LUM70MHG;1
TE-KIT-AV2P12MB;0
TE-KIT-AV2P12MG;0
TE-KIT-MA3P12FB;0
TE-KIT-MA3P12FG;0
TE-KITD-AGA2PBG;0
TE-KITD-AGA2PVB;1
TE-KITD-ESM2PVB;1
TE-KITT-AGA3PBG;1
TE-NKITD-DI2PBG;1
TE-NKITD-DI2PVB;1
TE-NKITD-DI3PBG;1
